url,url_length,hostname_length,path_length,query_length,domain_length,subdomain_length,tld_length,count_dot,count_hyphen,count_underline,count_slash,count_question,count_equal,count_at,count_and,count_exclamation,count_space,count_tilde,count_comma,count_plus,count_asterisk,count_hashtag,count_dollar,count_percent,count_digits,count_letters,count_special_chars,count_encoded_chars,count_subdomains,count_path_levels,count_query_params,has_ip_address,has_https,has_suspicious_tld,is_shortened,has_at_symbol,has_double_slash_in_path,has_sensitive_words,has_hex_encoding,has_port_in_url,has_query,has_fragment,ratio_digits_url,ratio_letters_url,ratio_special_chars_url,ratio_digits_hostname,ratio_digits_path,ratio_digits_query,entropy_url,entropy_hostname,entropy_path,entropy_query,entropy_domain,num_path_tokens,avg_path_token_length,max_path_token_length,num_domain_tokens,avg_domain_token_length,max_domain_token_length,num_hostname_tokens,avg_hostname_token_length,max_hostname_token_length,first_digit_index,first_letter_index,first_slash_index,last_slash_index,first_dot_index,last_dot_index
https://www.reddit.com,22,14,0,0,6,3,3,2,0,0,2,0,0,0,0,0,0,0,0,0,0,0,0,0,0,17,5,0,1,0,0,0,1,0,0,0,0,0,0,0,0,0,0.0,0.7727272727272727,0.22727272727272727,0.0,0.0,0.0,3.754441845713346,3.1820058147602133,0.0,0.0,2.2516291673878226,0,0,0,1,6.0,6,3,4.0,6,-1,0,6,7,11,18
https://www.youtube.com,23,15,0,0,7,3,3,2,0,0,2,0,0,0,0,0,0,0,0,0,0,0,0,0,0,18,5,0,1,0,0,0,1,0,0,0,0,0,0,0,0,0,0.0,0.782608695652174,0.21739130434782608,0.0,0.0,0.0,3.762267390651494,3.1898980954642875,0.0,0.0,2.521640636343318,0,0,0,1,7.0,7,3,4.333333333333333,7,-1,0,6,7,11,19
https://www.google.com,22,14,0,0,6,3,3,2,0,0,2,0,0,0,0,0,0,0,0,0,0,0,0,0,0,17,5,0,1,0,0,0,1,0,0,0,0,0,0,0,0,0,0.0,0.7727272727272727,0.22727272727272727,0.0,0.0,0.0,3.663532754804255,2.8423709931771084,0.0,0.0,1.9182958340544896,0,0,0,1,6.0,6,3,4.0,6,-1,0,6,7,11,18
https://www.amazon.com,22,14,0,0,6,3,3,2,0,0,2,0,0,0,0,0,0,0,0,0,0,0,0,0,0,17,5,0,1,0,0,0,1,0,0,0,0,0,0,0,0,0,0.0,0.7727272727272727,0.22727272727272727,0.0,0.0,0.0,3.6978458230844127,2.8962915290459277,0.0,0.0,2.2516291673878226,0,0,0,1,6.0,6,3,4.0,6,-1,0,6,7,11,18
https://www.google.co.in,24,16,0,0,6,3,5,3,0,0,2,0,0,0,0,0,0,0,0,0,0,0,0,0,0,18,6,0,1,0,0,0,1,0,0,0,0,0,0,0,0,0,0.0,0.75,0.25,0.0,0.0,0.0,3.7406015629507228,2.98345859334435,0.0,0.0,1.9182958340544896,0,0,0,1,6.0,6,4,3.25,6,-1,0,6,7,11,21
https://www.google.co.jp,24,16,0,0,6,3,5,3,0,0,2,0,0,0,0,0,0,0,0,0,0,0,0,0,0,18,6,0,1,0,0,0,1,0,0,0,0,0,0,0,0,0,0.0,0.75,0.25,0.0,0.0,0.0,3.6572682296173893,2.98345859334435,0.0,0.0,1.9182958340544896,0,0,0,1,6.0,6,4,3.25,6,-1,0,6,7,11,21
https://www.twitter.com,23,15,0,0,7,3,3,2,0,0,2,0,0,0,0,0,0,0,0,0,0,0,0,0,0,18,5,0,1,0,0,0,1,0,0,0,0,0,0,0,0,0,0.0,0.782608695652174,0.21739130434782608,0.0,0.0,0.0,3.4970558484728036,2.923231428797621,0.0,0.0,2.128085278891394,0,0,0,1,7.0,7,3,4.333333333333333,7,-1,0,6,7,11,19
https://www.yahoo.com,21,13,0,0,5,3,3,2,0,0,2,0,0,0,0,0,0,0,0,0,0,0,0,0,0,16,5,0,1,0,0,0,1,0,0,0,0,0,0,0,0,0,0.0,0.7619047619047619,0.23809523809523808,0.0,0.0,0.0,3.558518613048906,2.8150724101159432,0.0,0.0,1.9219280948873625,0,0,0,1,5.0,5,3,3.6666666666666665,5,-1,0,6,7,11,17
https://www.wikipedia.org,25,17,0,0,9,3,3,2,0,0,2,0,0,0,0,0,0,0,0,0,0,0,0,0,0,20,5,0,1,0,0,0,1,0,0,0,0,0,0,0,0,0,0.0,0.8,0.2,0.0,0.0,0.0,3.813660689688186,3.2195282822995472,0.0,0.0,2.6416041678685938,0,0,0,1,9.0,9,3,5.0,9,-1,0,6,7,11,21
https://www.tmall.com,21,13,0,0,5,3,3,2,0,0,2,0,0,0,0,0,0,0,0,0,0,0,0,0,0,16,5,0,1,0,0,0,1,0,0,0,0,0,0,0,0,0,0.0,0.7619047619047619,0.23809523809523808,0.0,0.0,0.0,3.558518613048906,2.873140679513133,0.0,0.0,1.9219280948873625,0,0,0,1,5.0,5,3,3.6666666666666665,5,-1,0,6,7,11,17
https://www.taobao.com,22,14,0,0,6,3,3,2,0,0,2,0,0,0,0,0,0,0,0,0,0,0,0,0,0,17,5,0,1,0,0,0,1,0,0,0,0,0,0,0,0,0,0.0,0.7727272727272727,0.22727272727272727,0.0,0.0,0.0,3.5383105956150063,2.8423709931771084,0.0,0.0,1.9182958340544896,0,0,0,1,6.0,6,3,4.0,6,-1,0,6,7,11,18
https://www.qq.com,18,10,0,0,2,3,3,2,0,0,2,0,0,0,0,0,0,0,0,0,0,0,0,0,0,13,5,0,1,0,0,0,1,0,0,0,0,0,0,0,0,0,0.0,0.7222222222222222,0.2777777777777778,0.0,0.0,0.0,3.4613201402110088,2.4464393446710155,0.0,0.0,-0.0,0,0,0,1,2.0,2,3,2.6666666666666665,3,-1,0,6,7,11,14
https://www.facebook.com,24,16,0,0,8,3,3,2,0,0,2,0,0,0,0,0,0,0,0,0,0,0,0,0,0,19,5,0,1,0,0,0,1,0,0,0,0,0,0,0,0,0,0.0,0.7916666666666666,0.20833333333333334,0.0,0.0,0.0,3.855388542207534,3.1556390622295662,0.0,0.0,2.75,0,0,0,1,8.0,8,3,4.666666666666667,8,-1,0,6,7,11,20
https://www.baidu.com,21,13,0,0,5,3,3,2,0,0,2,0,0,0,0,0,0,0,0,0,0,0,0,0,0,16,5,0,1,0,0,0,1,0,0,0,0,0,0,0,0,0,0.0,0.7619047619047619,0.23809523809523808,0.0,0.0,0.0,3.880179922675738,3.180832987205441,0.0,0.0,2.3219280948873626,0,0,0,1,5.0,5,3,3.6666666666666665,5,-1,0,6,7,11,17
